Transaction ID,Date,Gender,Age,Age Group,Product Category,Quantity,Price per Unit,Total Amount
1,11/24/2023,Male,34,Middle Age,Beauty,3,50.0,150.0
2,2/27/2023,Female,26,Adolescent,Clothing,2,500.0,1000.0
3,1/13/2023,Male,50,Middle Age,Electronics,1,30.0,30.0
4,5/21/2023,Male,37,Middle Age,Clothing,1,500.0,500.0
5,5/6/2023,Male,30,Adolescent,Beauty,2,50.0,100.0
6,4/25/2023,Female,45,Middle Age,Beauty,1,30.0,30.0
7,3/13/2023,Male,46,Middle Age,Clothing,2,25.0,50.0
8,2/22/2023,Male,30,Adolescent,Electronics,4,25.0,100.0
9,12/13/2023,Male,63,Old,Electronics,2,300.0,600.0
10,10/7/2023,Female,52,Middle Age,Clothing,4,50.0,200.0
11,2/14/2023,Male,23,Adolescent,Clothing,2,50.0,100.0
12,10/30/2023,Male,35,Middle Age,Beauty,3,25.0,75.0
13,8/5/2023,Male,22,Adolescent,Electronics,3,500.0,1500.0
14,1/17/2023,Male,64,Old,Clothing,4,30.0,120.0
15,1/16/2023,Female,42,Middle Age,Electronics,4,500.0,2000.0
16,2/17/2023,Male,19,Adolescent,Clothing,3,500.0,1500.0
17,4/22/2023,Female,27,Adolescent,Clothing,4,25.0,100.0
18,4/30/2023,Female,47,Middle Age,Electronics,2,25.0,50.0
19,9/16/2023,Female,62,Old,Clothing,2,25.0,50.0
20,11/5/2023,Male,22,Adolescent,Clothing,3,300.0,900.0
21,1/14/2023,Female,50,Middle Age,Beauty,1,500.0,500.0
22,10/15/2023,Male,18,Adolescent,Clothing,2,50.0,100.0
23,4/12/2023,Female,35,Middle Age,Clothing,4,30.0,120.0
24,11/29/2023,Female,49,Middle Age,Clothing,1,300.0,300.0
25,12/26/2023,Female,64,Old,Beauty,1,50.0,50.0
26,10/7/2023,Female,28,Adolescent,Electronics,2,500.0,1000.0
27,8/3/2023,Female,38,Middle Age,Beauty,2,25.0,50.0
28,4/23/2023,Female,43,Middle Age,Beauty,1,500.0,500.0
29,8/18/2023,Female,42,Middle Age,Electronics,1,30.0,30.0
30,10/29/2023,Female,39,Middle Age,Beauty,3,300.0,900.0
31,5/23/2023,Male,44,Middle Age,Electronics,4,300.0,1200.0
32,1/4/2023,Male,30,Adolescent,Beauty,3,30.0,90.0
33,3/23/2023,Female,50,Middle Age,Electronics,2,50.0,100.0
34,12/24/2023,Female,51,Middle Age,Clothing,3,50.0,150.0
35,8/5/2023,Female,58,Old,Beauty,3,300.0,900.0
36,6/24/2023,Male,52,Middle Age,Beauty,3,300.0,900.0
37,5/23/2023,Female,18,Adolescent,Beauty,3,25.0,75.0
38,3/21/2023,Male,38,Middle Age,Beauty,4,50.0,200.0
39,4/21/2023,Male,23,Adolescent,Clothing,4,30.0,120.0
40,6/22/2023,Male,45,Middle Age,Beauty,1,50.0,50.0
41,2/22/2023,Male,34,Middle Age,Clothing,2,25.0,50.0
42,2/17/2023,Male,22,Adolescent,Clothing,3,300.0,900.0
43,7/14/2023,Female,48,Middle Age,Clothing,1,300.0,300.0
44,2/19/2023,Female,22,Adolescent,Clothing,1,25.0,25.0
45,7/3/2023,Female,55,Old,Electronics,1,30.0,30.0
46,6/26/2023,Female,20,Adolescent,Electronics,4,300.0,1200.0
47,11/6/2023,Female,40,Middle Age,Beauty,3,500.0,1500.0
48,5/16/2023,Male,54,Middle Age,Electronics,3,300.0,900.0
49,1/23/2023,Female,54,Middle Age,Electronics,2,500.0,1000.0
50,8/24/2023,Female,27,Adolescent,Beauty,3,25.0,75.0
51,10/2/2023,Male,27,Adolescent,Beauty,3,25.0,75.0
52,3/5/2023,Female,36,Middle Age,Beauty,1,300.0,300.0
53,7/13/2023,Male,34,Middle Age,Electronics,2,50.0,100.0
54,2/10/2023,Female,38,Middle Age,Electronics,3,500.0,1500.0
55,10/10/2023,Male,31,Adolescent,Beauty,4,30.0,120.0
56,5/31/2023,Female,26,Adolescent,Clothing,3,300.0,900.0
57,11/18/2023,Female,63,Old,Beauty,1,30.0,30.0
58,11/13/2023,Male,18,Adolescent,Clothing,4,300.0,1200.0
59,7/5/2023,Male,62,Old,Clothing,1,50.0,50.0
60,10/23/2023,Male,30,Adolescent,Beauty,3,50.0,150.0
61,4/9/2023,Male,21,Adolescent,Beauty,4,50.0,200.0
62,12/27/2023,Male,18,Adolescent,Beauty,2,50.0,100.0
63,2/5/2023,Male,57,Old,Electronics,2,25.0,50.0
64,1/24/2023,Male,49,Middle Age,Clothing,4,25.0,100.0
65,12/5/2023,Male,51,Middle Age,Electronics,4,500.0,2000.0
66,4/27/2023,Female,45,Middle Age,Electronics,1,30.0,30.0
67,5/29/2023,Female,48,Middle Age,Beauty,4,300.0,1200.0
68,2/10/2023,Male,25,Adolescent,Electronics,1,300.0,300.0
69,4/30/2023,Female,56,Old,Beauty,3,25.0,75.0
70,2/21/2023,Female,43,Middle Age,Clothing,1,300.0,300.0
71,7/14/2023,Female,51,Middle Age,Beauty,4,25.0,100.0
72,5/23/2023,Female,20,Adolescent,Electronics,4,500.0,2000.0
73,8/21/2023,Male,29,Adolescent,Electronics,3,30.0,90.0
74,11/22/2023,Female,18,Adolescent,Beauty,4,500.0,2000.0
75,7/6/2023,Male,61,Old,Beauty,4,50.0,200.0
76,3/25/2023,Female,22,Adolescent,Electronics,2,50.0,100.0
77,7/9/2023,Female,47,Middle Age,Clothing,2,50.0,100.0
78,7/1/2023,Female,47,Middle Age,Clothing,3,500.0,1500.0
79,4/18/2023,Male,34,Middle Age,Beauty,1,300.0,300.0
80,12/10/2023,Female,64,Old,Clothing,2,30.0,60.0
81,5/17/2023,Male,40,Middle Age,Electronics,1,50.0,50.0
82,12/26/2023,Female,32,Middle Age,Beauty,4,50.0,200.0
83,12/16/2023,Male,54,Middle Age,Electronics,2,50.0,100.0
84,11/28/2023,Female,38,Middle Age,Electronics,3,30.0,90.0
85,2/6/2023,Male,31,Adolescent,Clothing,3,50.0,150.0
86,11/8/2023,Male,19,Adolescent,Beauty,3,30.0,90.0
87,11/22/2023,Female,28,Adolescent,Beauty,2,50.0,100.0
88,3/29/2023,Male,56,Old,Clothing,1,500.0,500.0
89,10/1/2023,Female,55,Old,Electronics,4,500.0,2000.0
90,5/6/2023,Female,51,Middle Age,Electronics,1,30.0,30.0
91,3/25/2023,Female,55,Old,Electronics,1,500.0,500.0
92,8/25/2023,Female,51,Middle Age,Electronics,4,30.0,120.0
93,7/14/2023,Female,35,Middle Age,Beauty,4,500.0,2000.0
94,5/19/2023,Female,47,Middle Age,Beauty,2,500.0,1000.0
95,11/24/2023,Female,32,Middle Age,Clothing,2,30.0,60.0
96,12/19/2023,Female,44,Middle Age,Clothing,2,300.0,600.0
97,10/13/2023,Female,51,Middle Age,Beauty,2,500.0,1000.0
98,4/23/2023,Female,55,Old,Beauty,2,50.0,100.0
99,12/17/2023,Female,50,Middle Age,Electronics,4,300.0,1200.0
100,6/16/2023,Male,41,Middle Age,Electronics,1,30.0,30.0
101,1/29/2023,Male,32,Middle Age,Clothing,2,300.0,600.0
102,4/28/2023,Female,47,Middle Age,Beauty,2,25.0,50.0
103,1/17/2023,Female,59,Old,Clothing,1,25.0,25.0
104,6/11/2023,Female,34,Middle Age,Beauty,2,500.0,1000.0
105,7/25/2023,Female,22,Adolescent,Electronics,1,500.0,500.0
106,5/18/2023,Female,46,Middle Age,Clothing,1,50.0,50.0
107,2/3/2023,Female,21,Adolescent,Clothing,4,300.0,1200.0
108,4/19/2023,Female,27,Adolescent,Beauty,3,25.0,75.0
109,10/18/2023,Female,34,Middle Age,Electronics,4,500.0,2000.0
110,6/11/2023,Male,27,Adolescent,Clothing,3,300.0,900.0
111,4/19/2023,Female,34,Middle Age,Electronics,3,500.0,1500.0
112,12/2/2023,Male,37,Middle Age,Clothing,3,500.0,1500.0
113,9/13/2023,Female,41,Middle Age,Electronics,2,25.0,50.0
114,7/22/2023,Female,22,Adolescent,Beauty,4,25.0,100.0
115,11/26/2023,Male,51,Middle Age,Clothing,3,500.0,1500.0
116,8/23/2023,Female,23,Adolescent,Clothing,1,30.0,30.0
117,3/15/2023,Male,19,Adolescent,Electronics,2,500.0,1000.0
118,5/16/2023,Female,30,Adolescent,Electronics,4,500.0,2000.0
119,3/13/2023,Female,60,Old,Clothing,3,50.0,150.0
120,5/7/2023,Male,60,Old,Beauty,1,50.0,50.0
121,10/15/2023,Female,28,Adolescent,Electronics,4,50.0,200.0
122,10/3/2023,Male,64,Old,Electronics,4,30.0,120.0
123,5/15/2023,Female,40,Middle Age,Electronics,2,30.0,60.0
124,10/27/2023,Male,33,Middle Age,Clothing,4,500.0,2000.0
125,8/8/2023,Male,48,Middle Age,Clothing,2,50.0,100.0
126,10/26/2023,Female,28,Adolescent,Clothing,3,30.0,90.0
127,7/24/2023,Female,33,Middle Age,Clothing,2,25.0,50.0
128,7/5/2023,Male,25,Adolescent,Beauty,1,500.0,500.0
129,4/23/2023,Female,21,Adolescent,Beauty,2,300.0,600.0
130,3/12/2023,Female,57,Old,Clothing,1,500.0,500.0
131,9/18/2023,Female,21,Adolescent,Beauty,2,300.0,600.0
132,9/10/2023,Male,42,Middle Age,Electronics,4,50.0,200.0
133,2/16/2023,Male,20,Adolescent,Electronics,3,300.0,900.0
134,1/25/2023,Male,49,Middle Age,Electronics,1,50.0,50.0
135,2/26/2023,Male,20,Adolescent,Clothing,2,25.0,50.0
136,3/20/2023,Male,44,Middle Age,Electronics,2,300.0,600.0
137,11/18/2023,Male,46,Middle Age,Beauty,2,500.0,1000.0
138,3/23/2023,Male,49,Middle Age,Clothing,4,50.0,200.0
139,12/15/2023,Male,36,Middle Age,Beauty,4,500.0,2000.0
140,8/5/2023,Male,38,Middle Age,Electronics,1,30.0,30.0
141,11/2/2023,Female,22,Adolescent,Electronics,1,50.0,50.0
142,2/2/2023,Male,35,Middle Age,Electronics,4,300.0,1200.0
143,7/17/2023,Female,45,Middle Age,Clothing,1,50.0,50.0
144,7/15/2023,Female,59,Old,Beauty,3,500.0,1500.0
145,11/2/2023,Female,39,Middle Age,Clothing,3,25.0,75.0
146,8/28/2023,Male,38,Middle Age,Clothing,4,50.0,200.0
147,9/28/2023,Male,23,Adolescent,Electronics,1,300.0,300.0
148,5/9/2023,Male,18,Adolescent,Clothing,2,30.0,60.0
149,10/11/2023,Male,22,Adolescent,Clothing,3,25.0,75.0
150,1/6/2023,Female,58,Old,Electronics,4,30.0,120.0
151,12/15/2023,Male,29,Adolescent,Clothing,1,50.0,50.0
152,2/28/2023,Male,43,Middle Age,Electronics,4,500.0,2000.0
153,12/16/2023,Male,63,Old,Electronics,2,500.0,1000.0
154,10/2/2023,Male,51,Middle Age,Electronics,3,300.0,900.0
155,5/17/2023,Male,31,Adolescent,Electronics,4,500.0,2000.0
156,11/25/2023,Female,43,Middle Age,Clothing,4,25.0,100.0
157,6/24/2023,Male,62,Old,Electronics,4,500.0,2000.0
158,2/27/2023,Female,44,Middle Age,Electronics,2,300.0,600.0
159,5/31/2023,Male,26,Adolescent,Clothing,4,50.0,200.0
160,8/11/2023,Female,43,Middle Age,Clothing,2,50.0,100.0
161,3/22/2023,Male,64,Old,Beauty,2,500.0,1000.0
162,8/21/2023,Male,39,Middle Age,Clothing,2,30.0,60.0
163,1/2/2023,Female,64,Old,Clothing,3,50.0,150.0
164,5/15/2023,Female,47,Middle Age,Beauty,3,500.0,1500.0
165,9/14/2023,Female,60,Old,Clothing,4,300.0,1200.0
166,4/2/2023,Male,34,Middle Age,Clothing,4,500.0,2000.0
167,9/17/2023,Female,43,Middle Age,Clothing,3,50.0,150.0
168,2/24/2023,Male,53,Middle Age,Clothing,1,300.0,300.0
169,11/17/2023,Male,18,Adolescent,Beauty,3,500.0,1500.0
170,6/2/2023,Female,25,Adolescent,Clothing,2,25.0,50.0
171,11/24/2023,Female,52,Middle Age,Clothing,3,300.0,900.0
172,9/17/2023,Male,32,Middle Age,Beauty,2,25.0,50.0
173,11/8/2023,Male,64,Old,Electronics,4,30.0,120.0
174,4/12/2023,Female,39,Middle Age,Beauty,1,300.0,300.0
175,3/20/2023,Female,31,Adolescent,Electronics,4,25.0,100.0
176,7/11/2023,Female,43,Middle Age,Beauty,2,50.0,100.0
177,3/24/2023,Male,45,Middle Age,Beauty,2,50.0,100.0
178,10/4/2023,Male,40,Middle Age,Clothing,2,30.0,60.0
179,9/29/2023,Male,31,Adolescent,Electronics,1,300.0,300.0
180,1/1/2023,Male,41,Middle Age,Clothing,3,300.0,900.0
181,11/3/2023,Male,19,Adolescent,Electronics,4,300.0,1200.0
182,6/15/2023,Male,62,Old,Beauty,4,30.0,120.0
183,9/8/2023,Female,43,Middle Age,Beauty,3,300.0,900.0
184,1/10/2023,Male,31,Adolescent,Electronics,4,50.0,200.0
185,2/27/2023,Male,24,Adolescent,Clothing,1,25.0,25.0
186,7/5/2023,Male,20,Adolescent,Clothing,4,50.0,200.0
187,6/7/2023,Female,64,Old,Clothing,2,50.0,100.0
188,5/3/2023,Male,40,Middle Age,Clothing,3,25.0,75.0
189,1/30/2023,Male,63,Old,Beauty,1,50.0,50.0
190,5/4/2023,Female,60,Old,Beauty,3,30.0,90.0
191,10/18/2023,Male,64,Old,Beauty,1,25.0,25.0
192,2/10/2023,Male,62,Old,Beauty,2,50.0,100.0
193,2/13/2023,Male,35,Middle Age,Beauty,3,500.0,1500.0
194,9/6/2023,Male,55,Old,Clothing,4,50.0,200.0
195,2/5/2023,Male,52,Middle Age,Clothing,1,30.0,30.0
196,9/30/2023,Female,32,Middle Age,Clothing,3,300.0,900.0
197,3/6/2023,Female,42,Middle Age,Clothing,4,50.0,200.0
198,3/7/2023,Female,54,Middle Age,Beauty,3,300.0,900.0
199,12/4/2023,Male,45,Middle Age,Beauty,3,500.0,1500.0
200,9/1/2023,Male,27,Adolescent,Beauty,3,50.0,150.0
201,10/9/2023,Male,56,Old,Electronics,1,25.0,25.0
202,3/26/2023,Female,34,Middle Age,Clothing,4,300.0,1200.0
203,5/16/2023,Male,56,Old,Clothing,2,500.0,1000.0
204,9/28/2023,Male,39,Middle Age,Beauty,1,25.0,25.0
205,11/7/2023,Female,43,Middle Age,Clothing,1,25.0,25.0
206,8/5/2023,Male,61,Old,Clothing,1,25.0,25.0
207,4/19/2023,Female,42,Middle Age,Beauty,2,25.0,50.0
208,10/4/2023,Female,34,Middle Age,Electronics,4,50.0,200.0
209,12/20/2023,Female,30,Adolescent,Electronics,4,50.0,200.0
210,4/13/2023,Male,37,Middle Age,Electronics,4,50.0,200.0
211,1/1/2024,Male,42,Middle Age,Beauty,3,500.0,1500.0
212,6/9/2023,Male,21,Adolescent,Clothing,3,500.0,1500.0
213,7/24/2023,Male,27,Adolescent,Beauty,3,500.0,1500.0
214,12/10/2023,Male,20,Adolescent,Beauty,2,30.0,60.0
215,11/29/2023,Male,58,Old,Clothing,3,500.0,1500.0
216,7/11/2023,Male,62,Old,Electronics,2,50.0,100.0
217,8/13/2023,Female,35,Middle Age,Electronics,4,50.0,200.0
218,9/22/2023,Male,64,Old,Beauty,3,30.0,90.0
219,8/20/2023,Female,53,Middle Age,Electronics,3,30.0,90.0
220,3/3/2023,Male,64,Old,Beauty,1,500.0,500.0
221,5/7/2023,Male,39,Middle Age,Beauty,2,300.0,600.0
222,4/26/2023,Male,51,Middle Age,Clothing,4,30.0,120.0
223,2/2/2023,Female,64,Old,Clothing,1,25.0,25.0
224,6/23/2023,Female,25,Adolescent,Clothing,1,50.0,50.0
225,1/11/2023,Female,57,Old,Beauty,4,25.0,100.0
226,10/29/2023,Female,61,Old,Clothing,1,50.0,50.0
227,10/11/2023,Male,36,Middle Age,Electronics,2,50.0,100.0
228,4/28/2023,Female,59,Old,Electronics,2,30.0,60.0
229,10/29/2023,Male,58,Old,Beauty,3,30.0,90.0
230,4/23/2023,Male,54,Middle Age,Beauty,1,25.0,25.0
231,1/4/2023,Female,23,Adolescent,Clothing,3,50.0,150.0
232,2/6/2023,Female,43,Middle Age,Beauty,1,25.0,25.0
233,12/29/2023,Female,51,Middle Age,Beauty,2,300.0,600.0
234,11/20/2023,Female,62,Old,Electronics,2,25.0,50.0
235,1/31/2023,Female,23,Adolescent,Electronics,2,500.0,1000.0
236,4/28/2023,Female,54,Middle Age,Clothing,1,25.0,25.0
237,2/4/2023,Female,50,Middle Age,Beauty,2,500.0,1000.0
238,1/17/2023,Female,39,Middle Age,Beauty,1,500.0,500.0
239,6/19/2023,Male,38,Middle Age,Electronics,3,500.0,1500.0
240,2/6/2023,Female,23,Adolescent,Beauty,1,300.0,300.0
241,9/21/2023,Female,23,Adolescent,Electronics,3,25.0,75.0
242,5/2/2023,Male,21,Adolescent,Clothing,1,25.0,25.0
243,5/23/2023,Female,47,Middle Age,Electronics,3,300.0,900.0
244,12/9/2023,Male,28,Adolescent,Beauty,2,50.0,100.0
245,9/6/2023,Male,47,Middle Age,Clothing,3,30.0,90.0
246,4/20/2023,Female,48,Middle Age,Electronics,2,25.0,50.0
247,10/4/2023,Male,41,Middle Age,Electronics,2,30.0,60.0
248,3/9/2023,Male,26,Adolescent,Clothing,3,300.0,900.0
249,10/20/2023,Male,20,Adolescent,Clothing,1,50.0,50.0
250,10/23/2023,Male,48,Middle Age,Electronics,1,50.0,50.0
251,8/31/2023,Female,57,Old,Beauty,4,50.0,200.0
252,5/5/2023,Male,54,Middle Age,Electronics,1,300.0,300.0
253,8/31/2023,Female,53,Middle Age,Clothing,4,500.0,2000.0
254,7/28/2023,Male,41,Middle Age,Electronics,1,500.0,500.0
255,4/8/2023,Male,48,Middle Age,Clothing,1,30.0,30.0
256,2/18/2023,Male,23,Adolescent,Clothing,2,500.0,1000.0
257,2/19/2023,Male,19,Adolescent,Beauty,4,500.0,2000.0
258,12/4/2023,Female,37,Middle Age,Clothing,1,50.0,50.0
259,8/9/2023,Female,45,Middle Age,Clothing,4,50.0,200.0
260,7/1/2023,Male,28,Adolescent,Beauty,2,30.0,60.0
261,8/5/2023,Male,21,Adolescent,Clothing,2,25.0,50.0
262,7/30/2023,Female,32,Middle Age,Beauty,4,30.0,120.0
263,8/28/2023,Male,23,Adolescent,Beauty,2,30.0,60.0
264,1/28/2023,Male,47,Middle Age,Clothing,3,300.0,900.0
265,12/11/2023,Male,55,Old,Clothing,3,300.0,900.0
266,12/1/2023,Female,19,Adolescent,Electronics,2,30.0,60.0
267,11/27/2023,Female,32,Middle Age,Beauty,3,30.0,90.0
268,2/20/2023,Female,28,Adolescent,Electronics,1,30.0,30.0
269,2/1/2023,Male,25,Adolescent,Clothing,4,500.0,2000.0
270,7/26/2023,Male,43,Middle Age,Electronics,1,300.0,300.0
271,6/23/2023,Female,62,Old,Beauty,4,30.0,120.0
272,2/25/2023,Female,61,Old,Electronics,2,50.0,100.0
273,5/8/2023,Female,22,Adolescent,Beauty,1,50.0,50.0
274,4/9/2023,Female,23,Adolescent,Clothing,2,500.0,1000.0
275,4/8/2023,Male,43,Middle Age,Clothing,2,500.0,1000.0
276,10/2/2023,Female,21,Adolescent,Beauty,4,25.0,100.0
277,8/18/2023,Male,36,Middle Age,Clothing,4,25.0,100.0
278,3/13/2023,Female,37,Middle Age,Clothing,4,25.0,100.0
279,8/5/2023,Male,50,Middle Age,Clothing,1,500.0,500.0
280,4/4/2023,Female,37,Middle Age,Clothing,3,500.0,1500.0
281,5/23/2023,Female,29,Adolescent,Beauty,4,500.0,2000.0
282,8/25/2023,Female,64,Old,Electronics,4,50.0,200.0
283,5/8/2023,Female,18,Adolescent,Electronics,1,500.0,500.0
284,2/8/2023,Male,43,Middle Age,Clothing,4,50.0,200.0
285,8/15/2023,Female,31,Adolescent,Electronics,1,25.0,25.0
286,10/9/2023,Male,55,Old,Electronics,2,25.0,50.0
287,2/20/2023,Male,54,Middle Age,Clothing,4,25.0,100.0
288,1/26/2023,Male,28,Adolescent,Clothing,4,30.0,120.0
289,11/30/2023,Male,53,Middle Age,Electronics,2,30.0,60.0
290,10/4/2023,Female,30,Adolescent,Beauty,2,300.0,600.0
291,1/8/2023,Male,60,Old,Clothing,2,300.0,600.0
292,2/17/2023,Male,20,Adolescent,Beauty,4,300.0,1200.0
293,5/2/2023,Male,50,Middle Age,Electronics,3,30.0,90.0
294,3/27/2023,Female,23,Adolescent,Clothing,3,30.0,90.0
295,7/28/2023,Female,27,Adolescent,Beauty,3,300.0,900.0
296,9/6/2023,Female,22,Adolescent,Clothing,4,300.0,1200.0
297,9/4/2023,Female,40,Middle Age,Electronics,2,500.0,1000.0
298,4/20/2023,Male,27,Adolescent,Beauty,4,300.0,1200.0
299,7/25/2023,Male,61,Old,Electronics,2,500.0,1000.0
300,1/31/2023,Female,19,Adolescent,Electronics,4,50.0,200.0
301,3/26/2023,Male,30,Adolescent,Clothing,4,30.0,120.0
302,7/14/2023,Male,57,Old,Beauty,2,300.0,600.0
303,1/2/2023,Male,19,Adolescent,Electronics,3,30.0,90.0
304,7/19/2023,Female,37,Middle Age,Electronics,2,30.0,60.0
305,5/16/2023,Female,18,Adolescent,Beauty,1,30.0,30.0
306,8/21/2023,Male,54,Middle Age,Electronics,1,50.0,50.0
307,5/27/2023,Female,26,Adolescent,Electronics,2,25.0,50.0
308,8/5/2023,Female,34,Middle Age,Beauty,4,300.0,1200.0
309,12/23/2023,Female,26,Adolescent,Beauty,1,25.0,25.0
310,10/12/2023,Female,28,Adolescent,Beauty,1,25.0,25.0
311,12/5/2023,Female,32,Middle Age,Beauty,4,25.0,100.0
312,9/7/2023,Male,41,Middle Age,Clothing,4,30.0,120.0
313,3/21/2023,Female,55,Old,Beauty,3,500.0,1500.0
314,4/8/2023,Male,52,Middle Age,Clothing,4,30.0,120.0
315,6/1/2023,Male,47,Middle Age,Clothing,2,30.0,60.0
316,4/22/2023,Female,48,Middle Age,Clothing,2,25.0,50.0
317,1/30/2023,Male,22,Adolescent,Electronics,3,30.0,90.0
318,10/24/2023,Male,61,Old,Clothing,1,25.0,25.0
319,10/5/2023,Male,31,Adolescent,Clothing,1,500.0,500.0
320,2/1/2023,Female,28,Adolescent,Electronics,4,300.0,1200.0
321,6/10/2023,Female,26,Adolescent,Electronics,2,25.0,50.0
322,1/30/2023,Male,51,Middle Age,Electronics,1,500.0,500.0
323,1/26/2023,Female,29,Adolescent,Beauty,3,300.0,900.0
324,10/27/2023,Female,52,Middle Age,Electronics,3,50.0,150.0
325,9/2/2023,Female,52,Middle Age,Electronics,2,25.0,50.0
326,9/15/2023,Female,18,Adolescent,Clothing,3,25.0,75.0
327,9/29/2023,Male,57,Old,Electronics,3,50.0,150.0
328,3/22/2023,Male,39,Middle Age,Beauty,2,50.0,100.0
329,1/30/2023,Female,46,Middle Age,Electronics,4,25.0,100.0
330,9/18/2023,Female,25,Adolescent,Beauty,4,50.0,200.0
331,2/11/2023,Male,28,Adolescent,Electronics,3,30.0,90.0
332,4/6/2023,Male,58,Old,Electronics,4,300.0,1200.0
333,2/5/2023,Female,54,Middle Age,Electronics,4,300.0,1200.0
334,11/1/2023,Male,31,Adolescent,Electronics,3,300.0,900.0
335,2/4/2023,Female,47,Middle Age,Beauty,4,30.0,120.0
336,12/12/2023,Female,52,Middle Age,Beauty,3,50.0,150.0
337,5/1/2023,Male,38,Middle Age,Clothing,1,500.0,500.0
338,7/26/2023,Male,54,Middle Age,Beauty,2,50.0,100.0
339,3/3/2023,Female,22,Adolescent,Electronics,2,25.0,50.0
340,10/19/2023,Female,36,Middle Age,Clothing,4,300.0,1200.0
341,5/7/2023,Male,31,Adolescent,Clothing,4,50.0,200.0
342,10/24/2023,Female,43,Middle Age,Clothing,4,500.0,2000.0
343,11/1/2023,Male,21,Adolescent,Electronics,2,25.0,50.0
344,1/21/2023,Female,42,Middle Age,Beauty,1,30.0,30.0
345,11/14/2023,Male,62,Old,Electronics,1,30.0,30.0
346,2/11/2023,Male,59,Old,Clothing,2,500.0,1000.0
347,8/3/2023,Male,42,Middle Age,Electronics,1,25.0,25.0
348,12/3/2023,Female,35,Middle Age,Electronics,2,300.0,600.0
349,10/26/2023,Female,57,Old,Beauty,1,50.0,50.0
350,10/17/2023,Male,25,Adolescent,Beauty,3,25.0,75.0
351,9/25/2023,Female,56,Old,Clothing,3,30.0,90.0
352,6/11/2023,Male,57,Old,Electronics,2,500.0,1000.0
353,5/14/2023,Male,31,Adolescent,Electronics,1,500.0,500.0
354,4/15/2023,Female,49,Middle Age,Beauty,4,50.0,200.0
355,12/9/2023,Female,55,Old,Electronics,1,500.0,500.0
356,6/10/2023,Male,50,Middle Age,Electronics,3,500.0,1500.0
357,5/3/2023,Female,40,Middle Age,Electronics,3,25.0,75.0
358,5/16/2023,Female,32,Middle Age,Beauty,1,300.0,300.0
359,7/22/2023,Male,50,Middle Age,Clothing,1,50.0,50.0
360,3/9/2023,Male,42,Middle Age,Clothing,4,25.0,100.0
361,12/10/2023,Female,34,Middle Age,Electronics,4,300.0,1200.0
362,11/27/2023,Male,50,Middle Age,Clothing,1,25.0,25.0
363,6/3/2023,Male,64,Old,Beauty,1,25.0,25.0
364,8/23/2023,Female,19,Adolescent,Beauty,1,500.0,500.0
365,6/11/2023,Male,31,Adolescent,Clothing,1,300.0,300.0
366,2/7/2023,Male,57,Old,Clothing,2,50.0,100.0
367,1/5/2023,Female,57,Old,Electronics,1,50.0,50.0
368,8/23/2023,Female,56,Old,Clothing,4,300.0,1200.0
369,11/15/2023,Male,23,Adolescent,Electronics,3,500.0,1500.0
370,10/16/2023,Male,23,Adolescent,Electronics,2,30.0,60.0
371,2/21/2023,Female,20,Adolescent,Beauty,1,25.0,25.0
372,2/7/2023,Female,24,Adolescent,Beauty,3,500.0,1500.0
373,10/3/2023,Female,25,Adolescent,Beauty,2,300.0,600.0
374,4/20/2023,Female,59,Old,Beauty,3,25.0,75.0
375,9/17/2023,Male,32,Middle Age,Clothing,1,50.0,50.0
376,5/16/2023,Female,64,Old,Beauty,1,30.0,30.0
377,3/9/2023,Female,46,Middle Age,Clothing,4,50.0,200.0
378,6/28/2023,Male,50,Middle Age,Beauty,1,300.0,300.0
379,2/5/2023,Female,47,Middle Age,Clothing,1,25.0,25.0
380,5/6/2023,Male,56,Old,Electronics,2,300.0,600.0
381,7/9/2023,Female,44,Middle Age,Clothing,4,25.0,100.0
382,5/26/2023,Female,53,Middle Age,Clothing,2,500.0,1000.0
383,3/22/2023,Female,46,Middle Age,Beauty,3,30.0,90.0
384,8/13/2023,Male,55,Old,Clothing,1,500.0,500.0
385,10/6/2023,Male,50,Middle Age,Electronics,3,500.0,1500.0
386,12/27/2023,Female,54,Middle Age,Electronics,2,300.0,600.0
387,6/4/2023,Male,44,Middle Age,Beauty,1,30.0,30.0
388,11/10/2023,Male,50,Middle Age,Electronics,1,25.0,25.0
389,12/1/2023,Male,21,Adolescent,Clothing,2,25.0,50.0
390,9/28/2023,Male,39,Middle Age,Electronics,2,50.0,100.0
391,1/5/2023,Male,19,Adolescent,Beauty,2,25.0,50.0
392,12/8/2023,Male,27,Adolescent,Clothing,2,300.0,600.0
393,10/11/2023,Female,22,Adolescent,Beauty,2,500.0,1000.0
394,6/3/2023,Female,27,Adolescent,Clothing,1,500.0,500.0
395,12/6/2023,Male,50,Middle Age,Electronics,2,500.0,1000.0
396,2/23/2023,Female,55,Old,Beauty,1,30.0,30.0
397,3/10/2023,Female,30,Adolescent,Beauty,1,25.0,25.0
398,5/16/2023,Female,48,Middle Age,Clothing,2,300.0,600.0
399,3/1/2023,Female,64,Old,Beauty,2,30.0,60.0
400,2/24/2023,Male,53,Middle Age,Clothing,4,50.0,200.0
401,10/11/2023,Female,62,Old,Clothing,1,300.0,300.0
402,3/21/2023,Female,41,Middle Age,Clothing,2,300.0,600.0
403,5/20/2023,Male,32,Middle Age,Clothing,2,300.0,600.0
404,5/25/2023,Male,46,Middle Age,Electronics,2,500.0,1000.0
405,11/6/2023,Female,25,Adolescent,Clothing,4,300.0,1200.0
406,4/18/2023,Female,22,Adolescent,Beauty,4,25.0,100.0
407,6/25/2023,Female,46,Middle Age,Electronics,3,300.0,900.0
408,4/15/2023,Female,64,Old,Beauty,1,500.0,500.0
409,12/18/2023,Female,21,Adolescent,Electronics,3,300.0,900.0
410,11/21/2023,Female,29,Adolescent,Clothing,2,50.0,100.0
411,5/16/2023,Male,62,Old,Electronics,4,50.0,200.0
412,9/16/2023,Female,19,Adolescent,Electronics,4,500.0,2000.0
413,9/8/2023,Female,44,Middle Age,Beauty,3,25.0,75.0
414,5/9/2023,Male,48,Middle Age,Beauty,4,25.0,100.0
415,1/27/2023,Male,53,Middle Age,Clothing,2,30.0,60.0
416,2/17/2023,Male,53,Middle Age,Electronics,4,500.0,2000.0
417,11/21/2023,Male,43,Middle Age,Electronics,3,300.0,900.0
418,8/5/2023,Female,60,Old,Electronics,2,500.0,1000.0
419,5/22/2023,Female,44,Middle Age,Clothing,3,30.0,90.0
420,1/23/2023,Female,22,Adolescent,Clothing,4,500.0,2000.0
421,1/2/2023,Female,37,Middle Age,Clothing,3,500.0,1500.0
422,6/20/2023,Female,28,Adolescent,Clothing,3,30.0,90.0
423,3/8/2023,Female,27,Adolescent,Clothing,1,25.0,25.0
424,11/23/2023,Male,57,Old,Beauty,4,300.0,1200.0
425,5/15/2023,Female,55,Old,Electronics,4,30.0,120.0
426,3/24/2023,Male,23,Adolescent,Electronics,3,50.0,150.0
427,8/15/2023,Male,25,Adolescent,Electronics,1,25.0,25.0
428,10/10/2023,Female,40,Middle Age,Electronics,4,50.0,200.0
429,12/28/2023,Male,64,Old,Electronics,2,25.0,50.0
430,8/7/2023,Female,43,Middle Age,Electronics,3,300.0,900.0
431,10/15/2023,Male,63,Old,Electronics,4,300.0,1200.0
432,1/5/2023,Female,60,Old,Electronics,2,500.0,1000.0
433,2/27/2023,Male,29,Adolescent,Beauty,4,50.0,200.0
434,2/8/2023,Female,43,Middle Age,Electronics,2,25.0,50.0
435,12/20/2023,Female,30,Adolescent,Beauty,3,300.0,900.0
436,3/18/2023,Female,57,Old,Clothing,4,30.0,120.0
437,10/7/2023,Female,35,Middle Age,Electronics,4,300.0,1200.0
438,1/19/2023,Female,42,Middle Age,Clothing,1,30.0,30.0
439,7/9/2023,Male,50,Middle Age,Clothing,3,25.0,75.0
440,10/26/2023,Male,64,Old,Clothing,2,300.0,600.0
441,10/10/2023,Male,57,Old,Beauty,4,300.0,1200.0
442,3/17/2023,Female,60,Old,Clothing,4,25.0,100.0
443,8/9/2023,Male,29,Adolescent,Clothing,2,300.0,600.0
444,3/7/2023,Female,61,Old,Clothing,3,30.0,90.0
445,1/22/2023,Female,53,Middle Age,Electronics,1,300.0,300.0
446,6/7/2023,Male,21,Adolescent,Electronics,1,50.0,50.0
447,7/6/2023,Male,22,Adolescent,Beauty,4,500.0,2000.0
448,1/21/2023,Female,54,Middle Age,Beauty,2,30.0,60.0
449,7/3/2023,Male,25,Adolescent,Electronics,4,50.0,200.0
450,4/18/2023,Female,59,Old,Beauty,2,25.0,50.0
451,12/16/2023,Female,45,Middle Age,Electronics,1,30.0,30.0
452,5/8/2023,Female,48,Middle Age,Clothing,3,500.0,1500.0
453,12/8/2023,Female,26,Adolescent,Clothing,2,500.0,1000.0
454,2/22/2023,Female,46,Middle Age,Beauty,1,25.0,25.0
455,7/1/2023,Male,31,Adolescent,Electronics,4,25.0,100.0
456,10/14/2023,Male,57,Old,Electronics,2,30.0,60.0
457,7/28/2023,Female,58,Old,Beauty,3,300.0,900.0
458,11/14/2023,Female,39,Middle Age,Electronics,4,25.0,100.0
459,3/21/2023,Male,28,Adolescent,Clothing,4,300.0,1200.0
460,5/2/2023,Male,40,Middle Age,Beauty,1,50.0,50.0
461,3/25/2023,Female,18,Adolescent,Beauty,2,500.0,1000.0
462,4/1/2023,Male,63,Old,Electronics,4,300.0,1200.0
463,7/31/2023,Female,54,Middle Age,Beauty,3,500.0,1500.0
464,1/13/2023,Male,38,Middle Age,Electronics,2,300.0,600.0
465,4/2/2023,Female,43,Middle Age,Electronics,3,50.0,150.0
466,6/20/2023,Male,63,Old,Electronics,4,25.0,100.0
467,7/30/2023,Female,53,Middle Age,Electronics,3,50.0,150.0
468,12/9/2023,Male,40,Middle Age,Electronics,1,25.0,25.0
469,5/8/2023,Male,18,Adolescent,Beauty,3,25.0,75.0
470,5/17/2023,Female,57,Old,Clothing,2,500.0,1000.0
471,3/23/2023,Male,32,Middle Age,Clothing,3,50.0,150.0
472,12/26/2023,Female,38,Middle Age,Beauty,3,300.0,900.0
473,2/25/2023,Male,64,Old,Beauty,1,50.0,50.0
474,7/15/2023,Female,26,Adolescent,Clothing,3,500.0,1500.0
475,1/20/2023,Male,26,Adolescent,Clothing,3,25.0,75.0
476,8/29/2023,Female,27,Adolescent,Clothing,4,500.0,2000.0
477,4/24/2023,Male,43,Middle Age,Clothing,4,30.0,120.0
478,4/13/2023,Female,58,Old,Clothing,2,30.0,60.0
479,8/24/2023,Male,52,Middle Age,Electronics,4,300.0,1200.0
480,6/29/2023,Female,42,Middle Age,Beauty,4,500.0,2000.0
481,6/6/2023,Female,43,Middle Age,Electronics,4,300.0,1200.0
482,4/27/2023,Female,28,Adolescent,Clothing,4,300.0,1200.0
483,4/25/2023,Male,55,Old,Clothing,1,30.0,30.0
484,1/13/2023,Female,19,Adolescent,Clothing,4,300.0,1200.0
485,12/4/2023,Male,24,Adolescent,Electronics,1,30.0,30.0
486,4/9/2023,Female,35,Middle Age,Electronics,1,25.0,25.0
487,7/24/2023,Male,44,Middle Age,Clothing,4,500.0,2000.0
488,6/18/2023,Female,51,Middle Age,Electronics,3,300.0,900.0
489,5/23/2023,Male,44,Middle Age,Electronics,1,30.0,30.0
490,2/5/2023,Male,34,Middle Age,Clothing,3,50.0,150.0
491,5/23/2023,Female,60,Old,Electronics,3,300.0,900.0
492,6/29/2023,Male,61,Old,Beauty,4,25.0,100.0
493,11/25/2023,Male,41,Middle Age,Beauty,2,25.0,50.0
494,9/18/2023,Female,42,Middle Age,Beauty,4,50.0,200.0
495,7/24/2023,Male,24,Adolescent,Beauty,2,30.0,60.0
496,12/14/2023,Male,23,Adolescent,Clothing,2,300.0,600.0
497,10/2/2023,Male,41,Middle Age,Clothing,4,30.0,120.0
498,6/19/2023,Female,50,Middle Age,Clothing,4,25.0,100.0
499,1/15/2023,Male,46,Middle Age,Beauty,2,30.0,60.0
500,3/1/2023,Female,60,Old,Beauty,4,25.0,100.0
501,5/14/2023,Male,39,Middle Age,Electronics,2,30.0,60.0
502,4/2/2023,Male,43,Middle Age,Electronics,3,50.0,150.0
503,10/25/2023,Male,45,Middle Age,Beauty,4,500.0,2000.0
504,5/16/2023,Female,38,Middle Age,Beauty,3,50.0,150.0
505,1/20/2023,Male,24,Adolescent,Beauty,1,50.0,50.0
506,2/25/2023,Male,34,Middle Age,Beauty,3,500.0,1500.0
507,11/2/2023,Female,37,Middle Age,Electronics,3,500.0,1500.0
508,8/11/2023,Male,58,Old,Beauty,2,300.0,600.0
509,6/26/2023,Female,37,Middle Age,Electronics,3,300.0,900.0
510,6/10/2023,Female,39,Middle Age,Beauty,4,50.0,200.0
511,8/12/2023,Male,45,Middle Age,Beauty,2,50.0,100.0
512,11/7/2023,Female,57,Old,Beauty,1,25.0,25.0
513,9/19/2023,Male,24,Adolescent,Electronics,4,25.0,100.0
514,3/1/2023,Female,18,Adolescent,Electronics,1,300.0,300.0
515,7/17/2023,Female,49,Middle Age,Clothing,3,300.0,900.0
516,10/23/2023,Male,30,Adolescent,Beauty,4,25.0,100.0
517,4/8/2023,Female,47,Middle Age,Clothing,4,25.0,100.0
518,5/11/2023,Female,40,Middle Age,Clothing,1,30.0,30.0
519,1/23/2023,Female,36,Middle Age,Electronics,4,30.0,120.0
520,12/29/2023,Female,49,Middle Age,Electronics,4,25.0,100.0
521,8/12/2023,Female,47,Middle Age,Clothing,4,30.0,120.0
522,1/1/2023,Male,46,Middle Age,Beauty,3,500.0,1500.0
523,9/24/2023,Female,62,Old,Electronics,1,300.0,300.0
524,10/3/2023,Male,46,Middle Age,Beauty,4,300.0,1200.0
525,12/18/2023,Female,47,Middle Age,Beauty,2,25.0,50.0
526,12/10/2023,Male,33,Middle Age,Clothing,2,50.0,100.0
527,4/11/2023,Male,57,Old,Clothing,2,25.0,50.0
528,7/6/2023,Female,36,Middle Age,Clothing,2,30.0,60.0
529,8/9/2023,Female,35,Middle Age,Clothing,3,50.0,150.0
530,2/5/2023,Female,18,Adolescent,Electronics,4,30.0,120.0
531,12/7/2023,Male,31,Adolescent,Electronics,1,500.0,500.0
532,6/19/2023,Female,64,Old,Clothing,4,30.0,120.0
533,11/16/2023,Male,19,Adolescent,Electronics,3,500.0,1500.0
534,6/10/2023,Male,45,Middle Age,Clothing,2,500.0,1000.0
535,12/6/2023,Male,47,Middle Age,Beauty,3,30.0,90.0
536,3/5/2023,Female,55,Old,Beauty,4,30.0,120.0
537,6/3/2023,Female,21,Adolescent,Beauty,1,500.0,500.0
538,9/17/2023,Male,18,Adolescent,Clothing,3,50.0,150.0
539,6/8/2023,Male,25,Adolescent,Beauty,1,500.0,500.0
540,12/8/2023,Female,46,Middle Age,Electronics,3,300.0,900.0
541,7/29/2023,Male,56,Old,Beauty,1,500.0,500.0
542,6/17/2023,Female,20,Adolescent,Beauty,1,50.0,50.0
543,7/26/2023,Male,49,Middle Age,Beauty,2,300.0,600.0
544,12/23/2023,Female,27,Adolescent,Electronics,1,25.0,25.0
545,6/1/2023,Male,27,Adolescent,Clothing,2,25.0,50.0
546,10/11/2023,Female,36,Middle Age,Electronics,4,50.0,200.0
547,3/7/2023,Male,63,Old,Clothing,4,500.0,2000.0
548,4/9/2023,Female,51,Middle Age,Clothing,2,30.0,60.0
549,8/4/2023,Female,50,Middle Age,Beauty,2,50.0,100.0
550,12/7/2023,Male,40,Middle Age,Clothing,3,300.0,900.0
551,7/14/2023,Male,45,Middle Age,Electronics,3,300.0,900.0
552,12/13/2023,Female,49,Middle Age,Electronics,3,25.0,75.0
553,3/31/2023,Male,24,Adolescent,Clothing,4,300.0,1200.0
554,11/12/2023,Female,46,Middle Age,Beauty,3,50.0,150.0
555,10/19/2023,Male,25,Adolescent,Beauty,1,300.0,300.0
556,6/4/2023,Female,18,Adolescent,Electronics,1,50.0,50.0
557,7/27/2023,Female,20,Adolescent,Beauty,3,30.0,90.0
558,10/8/2023,Female,41,Middle Age,Clothing,1,25.0,25.0
559,1/1/2023,Female,40,Middle Age,Clothing,4,300.0,1200.0
560,6/5/2023,Female,25,Adolescent,Electronics,1,50.0,50.0
561,5/27/2023,Female,64,Old,Clothing,4,500.0,2000.0
562,4/18/2023,Male,54,Middle Age,Electronics,2,25.0,50.0
563,8/9/2023,Male,20,Adolescent,Clothing,2,30.0,60.0
564,10/24/2023,Male,50,Middle Age,Electronics,2,50.0,100.0
565,11/7/2023,Female,45,Middle Age,Beauty,2,30.0,60.0
566,12/2/2023,Female,64,Old,Clothing,1,30.0,30.0
567,6/14/2023,Female,25,Adolescent,Clothing,3,300.0,900.0
568,8/27/2023,Female,51,Middle Age,Electronics,1,300.0,300.0
569,8/15/2023,Male,52,Middle Age,Electronics,4,50.0,200.0
570,8/15/2023,Male,49,Middle Age,Clothing,1,500.0,500.0
571,12/12/2023,Female,41,Middle Age,Electronics,1,50.0,50.0
572,4/20/2023,Male,31,Adolescent,Clothing,4,500.0,2000.0
573,9/19/2023,Male,49,Middle Age,Beauty,2,30.0,60.0
574,8/31/2023,Female,63,Old,Electronics,2,25.0,50.0
575,3/28/2023,Male,60,Old,Clothing,2,50.0,100.0
576,12/4/2023,Female,33,Middle Age,Beauty,3,50.0,150.0
577,2/13/2023,Male,21,Adolescent,Beauty,4,500.0,2000.0
578,5/26/2023,Female,54,Middle Age,Clothing,4,30.0,120.0
579,9/21/2023,Female,38,Middle Age,Electronics,1,30.0,30.0
580,12/6/2023,Female,31,Adolescent,Clothing,3,500.0,1500.0
581,11/21/2023,Female,48,Middle Age,Beauty,2,30.0,60.0
582,11/14/2023,Male,35,Middle Age,Clothing,3,300.0,900.0
583,6/21/2023,Female,24,Adolescent,Electronics,4,25.0,100.0
584,2/17/2023,Female,27,Adolescent,Beauty,4,50.0,200.0
585,5/1/2023,Female,24,Adolescent,Clothing,1,25.0,25.0
586,12/11/2023,Male,50,Middle Age,Electronics,1,50.0,50.0
587,6/8/2023,Female,40,Middle Age,Beauty,4,300.0,1200.0
588,4/26/2023,Male,38,Middle Age,Electronics,2,30.0,60.0
589,4/12/2023,Female,36,Middle Age,Beauty,2,500.0,1000.0
590,3/17/2023,Male,36,Middle Age,Clothing,3,300.0,900.0
591,1/13/2023,Male,53,Middle Age,Electronics,4,25.0,100.0
592,1/24/2023,Female,46,Middle Age,Beauty,4,500.0,2000.0
593,5/6/2023,Male,35,Middle Age,Electronics,2,30.0,60.0
594,9/1/2023,Female,19,Adolescent,Electronics,2,300.0,600.0
595,11/9/2023,Female,18,Adolescent,Clothing,4,500.0,2000.0
596,2/7/2023,Female,64,Old,Electronics,1,300.0,300.0
597,8/22/2023,Male,22,Adolescent,Beauty,4,300.0,1200.0
598,8/1/2023,Male,37,Middle Age,Beauty,4,30.0,120.0
599,11/19/2023,Female,28,Adolescent,Beauty,2,50.0,100.0
600,10/22/2023,Female,59,Old,Beauty,2,500.0,1000.0
601,4/10/2023,Male,19,Adolescent,Clothing,1,30.0,30.0
602,12/23/2023,Female,20,Adolescent,Electronics,1,300.0,300.0
603,7/16/2023,Female,40,Middle Age,Clothing,3,30.0,90.0
604,9/11/2023,Female,29,Adolescent,Electronics,4,50.0,200.0
605,7/24/2023,Male,37,Middle Age,Electronics,2,500.0,1000.0
606,5/5/2023,Male,22,Adolescent,Electronics,1,50.0,50.0
607,3/17/2023,Male,54,Middle Age,Clothing,3,25.0,75.0
608,12/2/2023,Female,55,Old,Electronics,3,500.0,1500.0
609,12/19/2023,Female,47,Middle Age,Clothing,2,50.0,100.0
610,1/3/2023,Female,26,Adolescent,Beauty,2,300.0,600.0
611,2/24/2023,Male,51,Middle Age,Beauty,3,500.0,1500.0
612,8/6/2023,Female,61,Old,Electronics,1,500.0,500.0
613,4/23/2023,Female,52,Middle Age,Clothing,3,30.0,90.0
614,4/1/2023,Female,39,Middle Age,Beauty,4,300.0,1200.0
615,12/23/2023,Female,61,Old,Clothing,4,25.0,100.0
616,9/23/2023,Male,41,Middle Age,Clothing,2,50.0,100.0
617,8/26/2023,Male,34,Middle Age,Electronics,1,30.0,30.0
618,1/26/2023,Female,27,Adolescent,Beauty,1,50.0,50.0
619,10/13/2023,Male,47,Middle Age,Electronics,4,25.0,100.0
620,5/8/2023,Male,63,Old,Electronics,3,25.0,75.0
621,3/4/2023,Female,40,Middle Age,Beauty,2,500.0,1000.0
622,8/22/2023,Female,49,Middle Age,Beauty,3,25.0,75.0
623,3/10/2023,Male,34,Middle Age,Clothing,3,50.0,150.0
624,8/26/2023,Female,34,Middle Age,Beauty,3,300.0,900.0
625,12/8/2023,Male,31,Adolescent,Clothing,1,300.0,300.0
626,9/29/2023,Female,26,Adolescent,Clothing,4,500.0,2000.0
627,10/14/2023,Male,57,Old,Clothing,1,50.0,50.0
628,11/1/2023,Female,19,Adolescent,Beauty,4,50.0,200.0
629,6/12/2023,Male,62,Old,Electronics,2,25.0,50.0
630,8/15/2023,Male,42,Middle Age,Clothing,2,50.0,100.0
631,11/10/2023,Male,56,Old,Electronics,3,30.0,90.0
632,9/16/2023,Female,26,Adolescent,Electronics,4,25.0,100.0
633,8/7/2023,Male,39,Middle Age,Beauty,4,30.0,120.0
634,10/8/2023,Male,60,Old,Electronics,4,500.0,2000.0
635,8/17/2023,Female,63,Old,Electronics,3,300.0,900.0
636,3/23/2023,Female,21,Adolescent,Beauty,3,500.0,1500.0
637,9/1/2023,Male,43,Middle Age,Clothing,2,300.0,600.0
638,8/19/2023,Male,46,Middle Age,Electronics,1,500.0,500.0
639,5/13/2023,Female,62,Old,Beauty,4,50.0,200.0
640,5/7/2023,Female,51,Middle Age,Electronics,4,30.0,120.0
641,11/23/2023,Female,40,Middle Age,Electronics,1,300.0,300.0
642,5/22/2023,Female,54,Middle Age,Clothing,4,25.0,100.0
643,9/24/2023,Female,28,Adolescent,Electronics,3,30.0,90.0
644,9/6/2023,Male,23,Adolescent,Beauty,3,25.0,75.0
645,11/17/2023,Female,35,Middle Age,Electronics,4,30.0,120.0
646,5/3/2023,Male,38,Middle Age,Clothing,3,30.0,90.0
647,5/21/2023,Male,59,Old,Clothing,3,500.0,1500.0
648,8/14/2023,Male,53,Middle Age,Beauty,4,300.0,1200.0
649,2/9/2023,Female,58,Old,Clothing,2,300.0,600.0
650,1/1/2024,Male,55,Old,Electronics,1,30.0,30.0
651,5/27/2023,Male,51,Middle Age,Clothing,3,50.0,150.0
652,5/1/2023,Female,34,Middle Age,Beauty,2,50.0,100.0
653,5/20/2023,Male,54,Middle Age,Clothing,3,25.0,75.0
654,6/21/2023,Male,42,Middle Age,Clothing,3,25.0,75.0
655,6/13/2023,Female,55,Old,Clothing,1,500.0,500.0
656,10/4/2023,Male,29,Adolescent,Beauty,3,30.0,90.0
657,2/11/2023,Male,40,Middle Age,Clothing,1,25.0,25.0
658,3/12/2023,Male,59,Old,Clothing,1,25.0,25.0
659,3/19/2023,Female,39,Middle Age,Electronics,1,30.0,30.0
660,4/29/2023,Female,38,Middle Age,Beauty,2,500.0,1000.0
661,7/16/2023,Female,44,Middle Age,Clothing,4,25.0,100.0
662,12/22/2023,Male,48,Middle Age,Beauty,2,500.0,1000.0
663,3/20/2023,Male,23,Adolescent,Clothing,4,300.0,1200.0
664,12/28/2023,Female,44,Middle Age,Clothing,4,500.0,2000.0
665,4/20/2023,Male,57,Old,Clothing,1,50.0,50.0
666,2/2/2023,Male,51,Middle Age,Electronics,3,50.0,150.0
667,8/1/2023,Female,29,Adolescent,Electronics,1,500.0,500.0
668,7/28/2023,Female,62,Old,Electronics,3,50.0,150.0
669,6/19/2023,Male,24,Adolescent,Beauty,4,300.0,1200.0
670,10/5/2023,Male,27,Adolescent,Beauty,1,30.0,30.0
671,8/27/2023,Male,62,Old,Electronics,3,50.0,150.0
672,8/1/2023,Female,34,Middle Age,Beauty,2,50.0,100.0
673,2/1/2023,Female,43,Middle Age,Clothing,3,500.0,1500.0
674,4/16/2023,Female,38,Middle Age,Clothing,1,300.0,300.0
675,8/4/2023,Female,45,Middle Age,Clothing,2,30.0,60.0
676,7/19/2023,Male,63,Old,Electronics,3,500.0,1500.0
677,10/27/2023,Female,19,Adolescent,Beauty,3,500.0,1500.0
678,12/23/2023,Female,60,Old,Electronics,3,300.0,900.0
679,1/11/2023,Female,18,Adolescent,Beauty,3,30.0,90.0
680,10/22/2023,Female,53,Middle Age,Clothing,3,300.0,900.0
681,7/14/2023,Female,43,Middle Age,Electronics,2,30.0,60.0
682,9/2/2023,Male,46,Middle Age,Beauty,4,300.0,1200.0
683,1/4/2023,Male,38,Middle Age,Beauty,2,500.0,1000.0
684,6/30/2023,Female,28,Adolescent,Clothing,2,500.0,1000.0
685,6/2/2023,Male,57,Old,Electronics,2,25.0,50.0
686,7/19/2023,Female,28,Adolescent,Electronics,4,50.0,200.0
687,8/3/2023,Female,53,Middle Age,Electronics,1,300.0,300.0
688,10/3/2023,Male,56,Old,Clothing,4,25.0,100.0
689,10/7/2023,Male,57,Old,Electronics,2,50.0,100.0
690,11/5/2023,Female,52,Middle Age,Clothing,3,300.0,900.0
691,4/23/2023,Female,51,Middle Age,Clothing,3,30.0,90.0
692,9/7/2023,Female,64,Old,Clothing,2,50.0,100.0
693,4/23/2023,Male,41,Middle Age,Beauty,3,500.0,1500.0
694,5/20/2023,Female,39,Middle Age,Electronics,2,25.0,50.0
695,8/12/2023,Female,22,Adolescent,Electronics,3,50.0,150.0
696,9/6/2023,Female,50,Middle Age,Clothing,4,50.0,200.0
697,1/15/2023,Male,53,Middle Age,Clothing,1,500.0,500.0
698,7/19/2023,Female,64,Old,Electronics,1,300.0,300.0
699,6/22/2023,Female,37,Middle Age,Clothing,4,30.0,120.0
700,12/9/2023,Male,36,Middle Age,Electronics,4,500.0,2000.0
701,12/14/2023,Female,52,Middle Age,Beauty,2,30.0,60.0
702,7/27/2023,Female,60,Old,Clothing,2,300.0,600.0
703,3/26/2023,Male,34,Middle Age,Electronics,2,50.0,100.0
704,8/28/2023,Female,62,Old,Clothing,3,30.0,90.0
705,3/7/2023,Male,60,Old,Electronics,2,25.0,50.0
706,11/15/2023,Male,51,Middle Age,Electronics,4,25.0,100.0
707,10/1/2023,Female,26,Adolescent,Clothing,1,500.0,500.0
708,1/14/2023,Female,43,Middle Age,Beauty,3,300.0,900.0
709,7/21/2023,Female,19,Adolescent,Electronics,2,500.0,1000.0
710,10/31/2023,Female,26,Adolescent,Electronics,3,500.0,1500.0
711,10/16/2023,Male,26,Adolescent,Electronics,3,500.0,1500.0
712,12/6/2023,Female,57,Old,Beauty,2,25.0,50.0
713,1/14/2023,Male,34,Middle Age,Beauty,3,25.0,75.0
714,2/12/2023,Female,18,Adolescent,Clothing,1,500.0,500.0
715,11/26/2023,Female,42,Middle Age,Beauty,4,25.0,100.0
716,8/8/2023,Female,60,Old,Clothing,4,300.0,1200.0
717,3/11/2023,Male,57,Old,Clothing,1,500.0,500.0
718,8/25/2023,Female,59,Old,Beauty,3,25.0,75.0
719,4/4/2023,Female,42,Middle Age,Clothing,2,30.0,60.0
720,1/26/2023,Female,56,Old,Beauty,3,500.0,1500.0
721,5/14/2023,Female,52,Middle Age,Clothing,1,500.0,500.0
722,7/14/2023,Male,20,Adolescent,Beauty,3,300.0,900.0
723,6/17/2023,Female,54,Middle Age,Beauty,4,50.0,200.0
724,4/19/2023,Male,61,Old,Clothing,3,50.0,150.0
725,8/21/2023,Male,61,Old,Electronics,1,300.0,300.0
726,6/17/2023,Male,47,Middle Age,Clothing,4,300.0,1200.0
727,6/22/2023,Male,55,Old,Beauty,3,300.0,900.0
728,7/14/2023,Male,51,Middle Age,Electronics,3,50.0,150.0
729,5/23/2023,Male,29,Adolescent,Clothing,4,300.0,1200.0
730,8/4/2023,Female,36,Middle Age,Clothing,2,25.0,50.0
731,5/10/2023,Male,54,Middle Age,Clothing,4,500.0,2000.0
732,2/11/2023,Male,61,Old,Electronics,2,500.0,1000.0
733,8/29/2023,Male,34,Middle Age,Beauty,1,30.0,30.0
734,1/10/2023,Female,27,Adolescent,Clothing,1,30.0,30.0
735,10/4/2023,Female,64,Old,Clothing,4,500.0,2000.0
736,1/27/2023,Male,29,Adolescent,Clothing,4,25.0,100.0
737,6/29/2023,Female,33,Middle Age,Clothing,1,50.0,50.0
738,4/25/2023,Male,41,Middle Age,Clothing,2,50.0,100.0
739,11/29/2023,Male,36,Middle Age,Beauty,1,25.0,25.0
740,2/5/2023,Female,25,Adolescent,Beauty,4,50.0,200.0
741,11/30/2023,Male,48,Middle Age,Clothing,1,300.0,300.0
742,1/21/2023,Female,38,Middle Age,Electronics,4,500.0,2000.0
743,1/16/2023,Female,34,Middle Age,Beauty,4,500.0,2000.0
744,5/7/2023,Male,40,Middle Age,Electronics,1,25.0,25.0
745,4/13/2023,Male,54,Middle Age,Beauty,2,50.0,100.0
746,1/11/2023,Female,33,Middle Age,Clothing,3,30.0,90.0
747,11/15/2023,Male,23,Adolescent,Beauty,1,30.0,30.0
748,3/20/2023,Male,25,Adolescent,Clothing,3,50.0,150.0
749,5/3/2023,Male,42,Middle Age,Beauty,1,30.0,30.0
750,3/6/2023,Female,35,Middle Age,Clothing,3,25.0,75.0
751,8/31/2023,Female,42,Middle Age,Clothing,2,25.0,50.0
752,12/9/2023,Male,29,Adolescent,Clothing,2,50.0,100.0
753,2/28/2023,Female,32,Middle Age,Clothing,1,30.0,30.0
754,10/16/2023,Female,43,Middle Age,Electronics,4,25.0,100.0
755,4/22/2023,Female,58,Old,Clothing,3,25.0,75.0
756,8/27/2023,Female,62,Old,Electronics,4,300.0,1200.0
757,12/25/2023,Female,43,Middle Age,Electronics,4,300.0,1200.0
758,5/12/2023,Male,64,Old,Clothing,4,25.0,100.0
759,7/8/2023,Male,49,Middle Age,Electronics,2,50.0,100.0
760,3/27/2023,Male,27,Adolescent,Beauty,1,500.0,500.0
761,11/7/2023,Female,33,Middle Age,Clothing,1,500.0,500.0
762,11/7/2023,Female,24,Adolescent,Electronics,2,25.0,50.0
763,2/28/2023,Male,34,Middle Age,Clothing,2,25.0,50.0
764,3/25/2023,Female,40,Middle Age,Clothing,1,25.0,25.0
765,6/9/2023,Male,43,Middle Age,Clothing,4,50.0,200.0
766,2/25/2023,Male,38,Middle Age,Electronics,3,300.0,900.0
767,10/24/2023,Male,39,Middle Age,Beauty,3,25.0,75.0
768,1/14/2023,Female,24,Adolescent,Beauty,3,25.0,75.0
769,6/9/2023,Female,31,Adolescent,Electronics,4,30.0,120.0
770,10/22/2023,Male,32,Middle Age,Clothing,1,50.0,50.0
771,12/13/2023,Male,24,Adolescent,Electronics,2,25.0,50.0
772,7/12/2023,Male,26,Adolescent,Electronics,1,30.0,30.0
773,7/23/2023,Male,25,Adolescent,Electronics,4,500.0,2000.0
774,4/12/2023,Female,40,Middle Age,Clothing,2,25.0,50.0
775,2/8/2023,Female,46,Middle Age,Electronics,4,25.0,100.0
776,10/31/2023,Male,35,Middle Age,Clothing,3,30.0,90.0
777,12/20/2023,Male,48,Middle Age,Electronics,3,50.0,150.0
778,11/18/2023,Female,47,Middle Age,Beauty,4,25.0,100.0
779,5/5/2023,Female,56,Old,Electronics,2,500.0,1000.0
780,2/22/2023,Male,52,Middle Age,Electronics,2,25.0,50.0
781,12/23/2023,Male,35,Middle Age,Beauty,1,500.0,500.0
782,6/4/2023,Male,59,Old,Clothing,3,300.0,900.0
783,12/17/2023,Female,56,Old,Clothing,1,300.0,300.0
784,11/4/2023,Female,34,Middle Age,Electronics,1,500.0,500.0
785,3/3/2023,Female,31,Adolescent,Beauty,4,50.0,200.0
786,10/17/2023,Male,48,Middle Age,Clothing,4,25.0,100.0
787,1/22/2023,Male,41,Middle Age,Electronics,1,25.0,25.0
788,6/27/2023,Female,52,Middle Age,Beauty,3,300.0,900.0
789,9/30/2023,Female,61,Old,Clothing,4,500.0,2000.0
790,8/8/2023,Male,62,Old,Clothing,1,25.0,25.0
791,12/5/2023,Female,51,Middle Age,Beauty,1,25.0,25.0
792,7/9/2023,Female,20,Adolescent,Beauty,1,50.0,50.0
793,2/5/2023,Male,54,Middle Age,Beauty,1,30.0,30.0
794,9/17/2023,Female,60,Old,Beauty,1,300.0,300.0
795,11/28/2023,Male,57,Old,Electronics,1,300.0,300.0
796,6/24/2023,Male,43,Middle Age,Beauty,4,30.0,120.0
797,1/7/2023,Male,40,Middle Age,Clothing,3,25.0,75.0
798,8/4/2023,Male,61,Old,Clothing,1,50.0,50.0
799,9/8/2023,Male,56,Old,Electronics,2,50.0,100.0
800,2/24/2023,Male,32,Middle Age,Clothing,4,300.0,1200.0
801,8/10/2023,Male,21,Adolescent,Clothing,4,50.0,200.0
802,7/5/2023,Female,46,Middle Age,Beauty,1,30.0,30.0
803,11/22/2023,Male,39,Middle Age,Clothing,4,25.0,100.0
804,8/24/2023,Male,42,Middle Age,Electronics,1,30.0,30.0
805,12/29/2023,Female,30,Adolescent,Beauty,3,500.0,1500.0
806,3/20/2023,Female,35,Middle Age,Beauty,3,300.0,900.0
807,8/11/2023,Female,50,Middle Age,Electronics,4,50.0,200.0
808,4/1/2023,Male,33,Middle Age,Beauty,4,500.0,2000.0
809,9/25/2023,Female,62,Old,Beauty,2,50.0,100.0
810,11/30/2023,Male,59,Old,Electronics,4,25.0,100.0
811,5/19/2023,Male,61,Old,Beauty,2,25.0,50.0
812,11/12/2023,Male,19,Adolescent,Electronics,3,25.0,75.0
813,10/3/2023,Male,52,Middle Age,Electronics,3,50.0,150.0
814,9/5/2023,Female,59,Old,Clothing,1,500.0,500.0
815,8/27/2023,Female,51,Middle Age,Clothing,3,25.0,75.0
816,8/12/2023,Male,47,Middle Age,Beauty,2,500.0,1000.0
817,10/31/2023,Male,30,Adolescent,Beauty,4,50.0,200.0
818,5/18/2023,Male,30,Adolescent,Electronics,1,500.0,500.0
819,6/15/2023,Female,35,Middle Age,Beauty,2,50.0,100.0
820,5/6/2023,Male,49,Middle Age,Electronics,4,50.0,200.0
821,2/14/2023,Male,49,Middle Age,Electronics,1,300.0,300.0
822,5/23/2023,Female,52,Middle Age,Beauty,3,50.0,150.0
823,8/19/2023,Female,56,Old,Electronics,2,50.0,100.0
824,5/5/2023,Male,63,Old,Clothing,4,30.0,120.0
825,8/26/2023,Female,46,Middle Age,Beauty,1,25.0,25.0
826,10/19/2023,Female,46,Middle Age,Clothing,1,300.0,300.0
827,11/9/2023,Male,61,Old,Beauty,3,300.0,900.0
828,12/9/2023,Female,33,Middle Age,Electronics,4,300.0,1200.0
829,7/14/2023,Male,61,Old,Beauty,3,30.0,90.0
830,6/22/2023,Female,64,Old,Clothing,3,50.0,150.0
831,1/15/2023,Male,27,Adolescent,Electronics,4,25.0,100.0
832,9/11/2023,Male,47,Middle Age,Beauty,4,500.0,2000.0
833,6/16/2023,Male,42,Middle Age,Beauty,4,50.0,200.0
834,4/4/2023,Female,56,Old,Beauty,2,30.0,60.0
835,9/7/2023,Male,37,Middle Age,Clothing,4,50.0,200.0
836,4/19/2023,Female,22,Adolescent,Clothing,1,50.0,50.0
837,7/1/2023,Male,18,Adolescent,Beauty,3,30.0,90.0
838,5/13/2023,Male,47,Middle Age,Electronics,2,300.0,600.0
839,6/24/2023,Female,20,Adolescent,Electronics,4,300.0,1200.0
840,5/24/2023,Male,62,Old,Clothing,2,25.0,50.0
841,11/2/2023,Male,31,Adolescent,Electronics,4,25.0,100.0
842,12/26/2023,Female,47,Middle Age,Clothing,2,300.0,600.0
843,5/22/2023,Male,21,Adolescent,Beauty,3,500.0,1500.0
844,10/12/2023,Male,35,Middle Age,Clothing,3,50.0,150.0
845,1/6/2023,Male,54,Middle Age,Clothing,1,500.0,500.0
846,9/22/2023,Male,42,Middle Age,Beauty,1,50.0,50.0
847,4/8/2023,Female,18,Adolescent,Electronics,4,300.0,1200.0
848,2/13/2023,Female,63,Old,Clothing,3,25.0,75.0
849,5/4/2023,Male,32,Middle Age,Clothing,2,25.0,50.0
850,7/28/2023,Female,26,Adolescent,Beauty,2,500.0,1000.0
851,9/8/2023,Male,32,Middle Age,Electronics,2,25.0,50.0
852,10/12/2023,Female,41,Middle Age,Clothing,1,300.0,300.0
853,5/4/2023,Male,21,Adolescent,Beauty,2,500.0,1000.0
854,12/20/2023,Male,29,Adolescent,Clothing,1,50.0,50.0
855,9/1/2023,Male,54,Middle Age,Beauty,1,25.0,25.0
856,11/27/2023,Male,54,Middle Age,Electronics,4,30.0,120.0
857,12/31/2023,Male,60,Old,Electronics,2,25.0,50.0
858,9/9/2023,Male,23,Adolescent,Electronics,2,50.0,100.0
859,8/18/2023,Female,56,Old,Electronics,3,500.0,1500.0
860,1/9/2023,Male,63,Old,Clothing,4,50.0,200.0
861,2/17/2023,Female,41,Middle Age,Clothing,3,30.0,90.0
862,5/31/2023,Male,28,Adolescent,Electronics,4,300.0,1200.0
863,4/24/2023,Female,30,Adolescent,Electronics,2,25.0,50.0
864,7/27/2023,Female,51,Middle Age,Electronics,1,500.0,500.0
865,12/21/2023,Female,42,Middle Age,Clothing,1,300.0,300.0
866,5/5/2023,Male,24,Adolescent,Electronics,1,50.0,50.0
867,6/6/2023,Male,21,Adolescent,Electronics,1,500.0,500.0
868,12/6/2023,Female,25,Adolescent,Electronics,1,300.0,300.0
869,10/25/2023,Male,37,Middle Age,Beauty,3,500.0,1500.0
870,7/8/2023,Female,46,Middle Age,Electronics,4,30.0,120.0
871,8/31/2023,Male,62,Old,Beauty,2,30.0,60.0
872,10/11/2023,Female,63,Old,Beauty,3,25.0,75.0
873,9/29/2023,Female,27,Adolescent,Electronics,4,25.0,100.0
874,6/26/2023,Male,60,Old,Beauty,1,30.0,30.0
875,8/6/2023,Female,51,Middle Age,Electronics,4,500.0,2000.0
876,10/9/2023,Male,43,Middle Age,Clothing,4,30.0,120.0
877,6/19/2023,Female,58,Old,Clothing,1,25.0,25.0
878,6/30/2023,Female,20,Adolescent,Clothing,1,30.0,30.0
879,12/26/2023,Male,23,Adolescent,Clothing,1,30.0,30.0
880,8/21/2023,Male,22,Adolescent,Beauty,2,500.0,1000.0
881,5/19/2023,Male,22,Adolescent,Electronics,1,300.0,300.0
882,6/6/2023,Female,64,Old,Electronics,2,25.0,50.0
883,5/9/2023,Male,40,Middle Age,Electronics,1,500.0,500.0
884,4/29/2023,Female,26,Adolescent,Clothing,2,30.0,60.0
885,3/3/2023,Female,52,Middle Age,Clothing,4,30.0,120.0
886,4/9/2023,Male,37,Middle Age,Electronics,3,300.0,900.0
887,6/11/2023,Male,59,Old,Clothing,4,25.0,100.0
888,3/3/2023,Female,52,Middle Age,Electronics,4,25.0,100.0
889,10/2/2023,Female,35,Middle Age,Electronics,1,50.0,50.0
890,12/20/2023,Male,34,Middle Age,Electronics,2,25.0,50.0
891,4/5/2023,Male,41,Middle Age,Electronics,3,300.0,900.0
892,4/9/2023,Male,20,Adolescent,Electronics,1,50.0,50.0
893,4/21/2023,Male,49,Middle Age,Electronics,1,50.0,50.0
894,9/5/2023,Male,52,Middle Age,Electronics,1,30.0,30.0
895,5/22/2023,Female,55,Old,Clothing,4,30.0,120.0
896,10/29/2023,Female,30,Adolescent,Electronics,2,25.0,50.0
897,9/26/2023,Female,64,Old,Electronics,2,50.0,100.0
898,11/2/2023,Female,42,Middle Age,Clothing,3,30.0,90.0
899,5/25/2023,Male,26,Adolescent,Clothing,2,300.0,600.0
900,2/21/2023,Male,21,Adolescent,Clothing,2,30.0,60.0
901,4/10/2023,Male,31,Adolescent,Electronics,1,30.0,30.0
902,6/1/2023,Female,54,Middle Age,Beauty,1,50.0,50.0
903,4/27/2023,Female,51,Middle Age,Beauty,4,50.0,200.0
904,7/4/2023,Male,28,Adolescent,Clothing,1,500.0,500.0
905,4/2/2023,Male,58,Old,Beauty,1,300.0,300.0
906,6/4/2023,Female,20,Adolescent,Clothing,1,50.0,50.0
907,1/8/2023,Female,45,Middle Age,Electronics,1,25.0,25.0
908,12/29/2023,Male,46,Middle Age,Beauty,4,300.0,1200.0
909,10/1/2023,Male,26,Adolescent,Electronics,1,300.0,300.0
910,3/6/2023,Female,20,Adolescent,Beauty,3,50.0,150.0
911,5/21/2023,Male,42,Middle Age,Electronics,3,300.0,900.0
912,1/24/2023,Male,51,Middle Age,Beauty,3,50.0,150.0
913,1/28/2023,Male,29,Adolescent,Electronics,3,30.0,90.0
914,10/11/2023,Female,59,Old,Electronics,1,500.0,500.0
915,5/30/2023,Female,26,Adolescent,Beauty,3,30.0,90.0
916,12/24/2023,Female,32,Middle Age,Electronics,1,50.0,50.0
917,3/6/2023,Female,57,Old,Electronics,4,50.0,200.0
918,11/23/2023,Female,42,Middle Age,Electronics,3,30.0,90.0
919,9/9/2023,Female,22,Adolescent,Beauty,2,25.0,50.0
920,2/22/2023,Female,28,Adolescent,Beauty,3,25.0,75.0
921,1/7/2023,Male,51,Middle Age,Electronics,3,25.0,75.0
922,10/21/2023,Male,41,Middle Age,Electronics,1,50.0,50.0
923,5/26/2023,Male,32,Middle Age,Beauty,3,300.0,900.0
924,8/29/2023,Male,55,Old,Beauty,2,50.0,100.0
925,9/3/2023,Male,25,Adolescent,Electronics,1,300.0,300.0
926,8/14/2023,Male,22,Adolescent,Electronics,1,30.0,30.0
927,6/24/2023,Male,43,Middle Age,Electronics,4,500.0,2000.0
928,4/5/2023,Female,35,Middle Age,Clothing,4,300.0,1200.0
929,1/27/2023,Female,23,Adolescent,Beauty,3,25.0,75.0
930,5/10/2023,Male,54,Middle Age,Clothing,4,50.0,200.0
931,9/2/2023,Male,30,Adolescent,Beauty,4,30.0,120.0
932,2/28/2023,Female,45,Middle Age,Beauty,4,25.0,100.0
933,2/3/2023,Male,22,Adolescent,Beauty,1,30.0,30.0
934,7/25/2023,Male,30,Adolescent,Beauty,1,500.0,500.0
935,9/9/2023,Female,34,Middle Age,Beauty,1,50.0,50.0
936,2/7/2023,Male,57,Old,Beauty,4,50.0,200.0
937,10/23/2023,Female,62,Old,Beauty,1,500.0,500.0
938,11/19/2023,Male,49,Middle Age,Clothing,4,50.0,200.0
939,12/18/2023,Female,46,Middle Age,Electronics,1,300.0,300.0
940,1/28/2023,Female,20,Adolescent,Electronics,1,30.0,30.0
941,3/19/2023,Female,57,Old,Clothing,2,25.0,50.0
942,3/18/2023,Male,51,Middle Age,Clothing,3,500.0,1500.0
943,10/16/2023,Female,57,Old,Clothing,4,300.0,1200.0
944,6/5/2023,Male,44,Middle Age,Clothing,2,25.0,50.0
945,2/13/2023,Male,30,Adolescent,Beauty,1,25.0,25.0
946,5/8/2023,Male,62,Old,Electronics,4,500.0,2000.0
947,3/2/2023,Male,50,Middle Age,Beauty,1,300.0,300.0
948,10/13/2023,Female,23,Adolescent,Electronics,3,25.0,75.0
949,8/2/2023,Female,41,Middle Age,Electronics,2,25.0,50.0
950,11/7/2023,Male,36,Middle Age,Clothing,3,300.0,900.0
951,11/2/2023,Male,33,Middle Age,Beauty,2,50.0,100.0
952,11/13/2023,Female,57,Old,Clothing,1,25.0,25.0
953,4/26/2023,Male,45,Middle Age,Beauty,3,30.0,90.0
954,9/25/2023,Female,50,Middle Age,Electronics,3,300.0,900.0
955,7/14/2023,Male,58,Old,Clothing,1,25.0,25.0
956,8/19/2023,Male,30,Adolescent,Clothing,3,500.0,1500.0
957,8/15/2023,Female,60,Old,Electronics,4,30.0,120.0
958,6/2/2023,Male,62,Old,Electronics,2,25.0,50.0
959,10/29/2023,Female,42,Middle Age,Electronics,2,30.0,60.0
960,8/8/2023,Male,59,Old,Clothing,2,30.0,60.0
961,6/6/2023,Male,53,Middle Age,Beauty,4,50.0,200.0
962,10/19/2023,Male,44,Middle Age,Clothing,2,30.0,60.0
963,11/14/2023,Female,55,Old,Beauty,1,50.0,50.0
964,1/31/2023,Male,24,Adolescent,Clothing,3,300.0,900.0
965,11/9/2023,Male,22,Adolescent,Clothing,4,50.0,200.0
966,2/20/2023,Male,60,Old,Electronics,2,500.0,1000.0
967,4/17/2023,Male,62,Old,Beauty,1,25.0,25.0
968,11/17/2023,Female,48,Middle Age,Clothing,3,300.0,900.0
969,4/19/2023,Female,40,Middle Age,Clothing,3,300.0,900.0
970,5/16/2023,Male,59,Old,Electronics,4,500.0,2000.0
971,12/5/2023,Female,27,Adolescent,Electronics,4,50.0,200.0
972,2/11/2023,Male,49,Middle Age,Beauty,4,25.0,100.0
973,3/22/2023,Male,60,Old,Clothing,1,50.0,50.0
974,5/3/2023,Male,47,Middle Age,Beauty,1,30.0,30.0
975,3/30/2023,Female,56,Old,Clothing,4,50.0,200.0
976,10/10/2023,Female,48,Middle Age,Beauty,2,300.0,600.0
977,2/8/2023,Female,35,Middle Age,Electronics,3,25.0,75.0
978,3/22/2023,Female,53,Middle Age,Clothing,3,50.0,150.0
979,1/2/2023,Female,19,Adolescent,Beauty,1,25.0,25.0
980,7/29/2023,Female,31,Adolescent,Electronics,3,25.0,75.0
981,8/19/2023,Female,30,Adolescent,Electronics,2,30.0,60.0
982,12/19/2023,Female,46,Middle Age,Beauty,3,30.0,90.0
983,11/1/2023,Female,29,Adolescent,Clothing,1,300.0,300.0
984,8/29/2023,Male,56,Old,Clothing,1,500.0,500.0
985,5/30/2023,Female,19,Adolescent,Electronics,2,25.0,50.0
986,1/17/2023,Female,49,Middle Age,Clothing,2,500.0,1000.0
987,4/29/2023,Female,30,Adolescent,Clothing,3,300.0,900.0
988,5/28/2023,Female,63,Old,Clothing,3,25.0,75.0
989,12/28/2023,Female,44,Middle Age,Electronics,1,25.0,25.0
990,5/25/2023,Female,58,Old,Beauty,2,500.0,1000.0
991,12/26/2023,Female,34,Middle Age,Clothing,2,50.0,100.0
992,8/21/2023,Female,57,Old,Electronics,2,30.0,60.0
993,2/6/2023,Female,48,Middle Age,Electronics,3,50.0,150.0
994,12/18/2023,Female,51,Middle Age,Beauty,2,500.0,1000.0
995,4/30/2023,Female,41,Middle Age,Clothing,1,30.0,30.0
996,5/16/2023,Male,62,Old,Clothing,1,50.0,50.0
997,11/17/2023,Male,52,Middle Age,Beauty,3,30.0,90.0
998,12/5/2023,Female,36,Middle Age,Electronics,3,50.0,150.0
999,4/12/2023,Male,47,Middle Age,Electronics,4,30.0,120.0
1000,01/01/2023,Male,18,Adolescent,Electronics,100,100.0,10000.0
1001,23/01/2023,Male,34,Middle Age,Clothing,34,4.0,136.0
1002,01/01/2023,Female,20,Adolescent,Clothing,10,10.0,100.0
1003,01/02/2023,Female,60,Old,Beauty,1,1.0,1.0
1004,09/09/2023,Male,20,Adolescent,Clothing,20,20.0,400.0
1005,01/01/2023,Female,101,Unknown,Beauty,1,1.0,1.0
1006,01/01/2023,Male,30,Adolescent,Electronics,20,20.0,400.0
1007,01/01/2023,Male,18,Adolescent,Clothing,10,10.0,100.0
